timestamp,temperature,humidity,soil_moisture,water_level,light_intensity,pump_status
2026-06-15 15:49:18.130008,31,70,71,57,1851,OFF
2026-06-15 15:49:21.131552,26,48,15,91,1700,ON
2026-06-15 15:49:24.132713,34,64,57,94,632,OFF
2026-06-15 15:49:27.134102,30,47,26,47,1294,ON
2026-06-15 15:49:30.135426,27,63,24,77,2855,ON
2026-06-15 15:49:33.136638,34,48,20,63,891,ON
2026-06-15 15:49:36.138023,33,49,64,79,2519,OFF
2026-06-15 15:49:39.139664,33,56,22,39,1342,ON
2026-06-15 15:49:42.140448,34,87,80,89,1459,OFF
2026-06-15 15:49:45.141696,33,80,48,44,1229,OFF
2026-06-15 15:49:48.143623,25,66,88,29,1983,OFF
2026-06-15 15:49:51.146093,27,42,87,93,1908,OFF
2026-06-15 15:49:54.147462,32,84,16,44,1464,ON
2026-06-15 15:49:57.148590,29,42,34,76,975,OFF
2026-06-15 15:50:00.150300,37,78,66,58,1578,OFF
2026-06-15 15:50:03.152028,39,76,25,64,2225,ON
2026-06-15 15:50:06.153569,28,49,31,70,2533,OFF
2026-06-15 15:50:09.155248,37,58,27,23,1874,ON
2026-06-15 15:50:12.156845,34,53,26,63,2416,ON
2026-06-15 15:50:15.158600,36,46,77,35,1773,OFF
2026-06-15 15:50:18.160943,31,82,39,54,529,OFF
2026-06-15 15:50:21.162620,28,69,52,94,1853,OFF
2026-06-15 15:50:24.164485,34,64,15,58,1984,ON
2026-06-15 15:50:27.212891,31,40,72,57,975,OFF
2026-06-15 15:50:30.215549,25,61,21,70,2617,ON
2026-06-15 15:50:33.217105,36,84,50,53,1733,OFF
2026-06-15 15:50:36.218711,33,58,15,66,1228,ON
2026-06-15 15:50:39.220153,34,59,47,71,2043,OFF
2026-06-15 15:50:42.221969,25,77,39,81,1327,OFF
2026-06-15 15:50:45.223788,34,84,37,73,1175,OFF
2026-06-15 15:50:48.225961,27,67,85,42,2788,OFF
2026-06-15 15:50:51.227914,40,44,70,89,1765,OFF
2026-06-15 15:50:54.229864,37,50,41,74,2309,OFF
2026-06-15 15:50:57.231444,37,63,36,28,1580,OFF
2026-06-15 15:51:00.233183,40,44,47,32,678,OFF
2026-06-15 15:51:03.234590,39,80,35,34,1884,OFF
2026-06-15 15:51:06.236174,30,70,42,100,1411,OFF
2026-06-15 15:51:09.237804,25,81,25,36,2752,ON
2026-06-15 15:51:12.239834,31,44,84,69,2862,OFF
2026-06-15 15:51:15.241825,32,87,15,92,2552,ON
2026-06-15 15:51:18.243910,37,75,44,94,2014,OFF
2026-06-15 15:51:21.246536,29,43,87,100,2804,OFF
2026-06-15 15:51:24.248369,31,85,90,56,1982,OFF
2026-06-15 15:51:27.249986,25,77,70,24,2721,OFF
2026-06-15 15:51:30.251865,36,67,32,67,2682,OFF
2026-06-15 15:51:33.253667,29,81,25,59,2694,ON
2026-06-15 15:51:36.255394,40,62,39,31,1745,OFF
2026-06-15 15:51:39.257064,32,47,37,55,2316,OFF
2026-06-15 15:51:42.258836,32,59,62,44,2031,OFF
2026-06-15 15:51:45.260381,31,56,81,62,2165,OFF
2026-06-15 15:51:48.262277,34,57,75,68,1535,OFF
2026-06-15 15:51:51.264080,29,83,70,95,2191,OFF
2026-06-15 15:51:54.266049,36,55,59,28,2671,OFF
2026-06-15 15:51:57.267450,38,54,58,66,1818,OFF
2026-06-15 15:52:00.270999,37,65,35,63,2288,OFF
2026-06-15 15:52:03.275585,36,40,26,65,2211,ON
2026-06-15 15:52:06.276881,28,75,17,54,2186,ON
2026-06-15 15:52:09.278257,38,68,10,48,1822,ON
2026-06-15 15:52:12.279675,39,83,85,59,2921,OFF
2026-06-15 15:52:15.281628,28,87,54,33,1842,OFF
2026-06-15 15:52:18.283033,33,60,27,32,1464,ON
2026-06-15 15:52:21.284305,38,65,41,79,1991,OFF
2026-06-15 15:52:24.285470,28,87,52,88,1051,OFF
2026-06-15 15:52:27.286856,33,86,37,85,2752,OFF
2026-06-15 15:52:30.288123,26,89,34,77,2331,OFF
2026-06-15 15:52:33.289264,28,70,45,45,836,OFF
2026-06-15 15:52:36.290815,28,40,18,41,1198,ON
2026-06-15 15:52:39.291962,27,44,34,53,1111,OFF
2026-06-15 15:52:42.293504,31,77,40,77,637,OFF
2026-06-15 15:52:45.295005,36,70,50,44,559,OFF
2026-06-15 15:52:48.296219,26,77,41,86,2253,OFF
2026-06-15 15:52:51.297749,33,41,57,88,2165,OFF
2026-06-15 15:52:54.299475,36,83,71,52,2182,OFF
2026-06-15 15:52:57.300910,38,51,71,57,1200,OFF
2026-06-15 15:53:00.302201,35,62,42,96,1152,OFF
2026-06-15 15:53:03.303445,40,59,90,33,2863,OFF
2026-06-15 15:53:06.305089,29,47,90,35,978,OFF
2026-06-15 15:53:09.307115,33,45,51,89,1503,OFF
2026-06-15 15:53:12.308227,25,89,84,57,1673,OFF
2026-06-15 15:53:15.309680,38,65,56,33,1976,OFF
2026-06-15 15:53:18.310919,34,47,59,26,2138,OFF
2026-06-15 15:53:21.317708,29,74,61,22,2725,OFF
2026-06-15 15:53:24.319891,32,72,71,90,883,OFF
2026-06-15 15:53:27.322358,33,62,48,40,1888,OFF
2026-06-15 15:53:30.323811,36,48,52,100,2534,OFF
2026-06-15 15:53:33.324841,32,88,71,27,1534,OFF
2026-06-15 15:53:36.326276,26,82,86,33,751,OFF
2026-06-15 15:53:39.327588,28,90,12,80,834,ON
2026-06-15 15:53:42.328709,26,57,37,40,2539,OFF
2026-06-15 15:53:45.330632,25,45,74,62,2609,OFF
2026-06-15 15:53:48.331972,28,55,30,60,1771,OFF
2026-06-15 15:53:51.333442,37,47,26,37,2996,ON
2026-06-15 15:53:54.334908,27,73,55,89,893,OFF
2026-06-15 15:53:57.335902,28,42,60,91,551,OFF
2026-06-15 15:54:00.336710,39,78,18,44,2282,ON
2026-06-15 15:54:03.338094,28,48,87,65,1887,OFF
2026-06-15 15:54:06.339417,25,68,86,50,1761,OFF
2026-06-15 15:54:09.340659,31,73,59,96,750,OFF
2026-06-15 15:54:12.341942,33,60,19,63,2417,ON
2026-06-15 15:54:15.343157,39,80,11,62,1436,ON
2026-06-15 15:54:18.344507,26,81,16,22,2477,ON
2026-06-15 15:54:21.345818,40,77,49,92,1817,OFF
2026-06-15 15:54:24.347596,30,52,45,57,2726,OFF
2026-06-15 15:54:27.350905,31,82,66,36,1888,OFF
2026-06-15 15:54:30.353075,25,48,18,20,890,ON
2026-06-15 15:54:33.354021,33,56,47,31,2965,OFF
2026-06-15 15:56:13.530541,40,75,26,83,1048,ON
2026-06-15 15:56:16.531796,40,86,80,42,2859,OFF
2026-06-15 15:56:19.533214,26,42,66,53,1632,OFF
2026-06-15 15:56:22.534100,38,62,20,78,2692,ON
2026-06-15 15:56:25.535121,36,64,62,100,1895,OFF
2026-06-15 15:56:28.597966,37,74,72,87,2379,OFF
2026-06-15 15:56:31.685583,26,46,17,62,2929,ON
2026-06-15 15:56:34.686217,25,41,27,56,1981,ON
2026-06-15 15:56:37.687247,38,80,58,72,2533,OFF
2026-06-15 15:56:40.688793,27,40,16,43,2687,ON
2026-06-15 15:56:43.690407,35,85,25,31,2710,ON
2026-06-15 15:56:46.691836,37,45,49,75,2915,OFF
2026-06-15 15:56:49.692654,34,45,17,64,920,ON
2026-06-15 15:56:52.694223,26,83,25,66,1770,ON
2026-06-15 15:56:55.695933,38,44,39,28,1607,OFF
2026-06-15 15:56:58.696888,39,59,13,51,2155,ON
2026-06-15 15:57:01.698172,28,40,11,69,2822,ON
2026-06-15 15:57:04.699346,39,56,36,60,876,OFF
2026-06-15 15:57:07.701590,35,67,25,33,2223,ON
2026-06-15 15:57:10.702654,33,59,66,36,2174,OFF
2026-06-15 15:57:13.703714,40,65,12,22,515,ON
2026-06-15 15:57:16.704770,33,55,85,58,651,OFF
2026-06-15 15:57:19.706448,35,52,42,54,1760,OFF
2026-06-15 15:57:22.708305,26,62,28,51,1152,ON
2026-06-15 15:57:25.709649,33,45,14,70,590,ON
2026-06-15 15:57:28.710619,29,53,84,37,1420,OFF
2026-06-15 15:57:31.711845,27,51,53,57,1462,OFF
2026-06-15 15:57:34.712714,30,89,39,55,1268,OFF
2026-06-15 15:57:37.714013,34,77,18,88,802,ON
2026-06-15 15:57:40.715149,40,50,27,67,1250,ON
2026-06-15 15:57:43.716826,27,56,82,42,805,OFF
2026-06-15 15:57:46.718106,40,52,11,34,2910,ON
2026-06-15 15:57:49.719403,38,71,60,29,1423,OFF
2026-06-15 15:57:52.720809,30,73,70,92,858,OFF
2026-06-15 15:57:55.721825,28,69,35,90,2709,OFF
2026-06-15 15:57:58.722904,28,54,62,46,1913,OFF
2026-06-15 15:58:01.723517,32,42,22,24,2280,ON
2026-06-15 15:58:04.725286,25,76,60,73,2874,OFF
2026-06-15 15:58:07.726377,27,53,66,22,2601,OFF
2026-06-15 15:58:10.727433,25,51,29,50,1617,ON
2026-06-15 15:58:13.728477,34,64,17,34,2071,ON
2026-06-15 15:58:16.729945,31,68,81,95,2289,OFF
2026-06-15 15:58:19.730996,30,68,77,74,2434,OFF
2026-06-15 15:58:22.732096,36,51,36,93,2906,OFF
2026-06-15 15:58:25.733144,25,60,73,61,1495,OFF
2026-06-15 15:58:28.734281,35,79,82,43,1502,OFF
2026-06-15 15:58:31.735570,39,51,24,44,2528,ON
2026-06-15 15:58:34.736875,35,56,25,70,2281,ON
2026-06-15 15:58:37.738308,33,82,43,80,796,OFF
2026-06-15 15:58:40.739768,31,46,16,61,1469,ON
2026-06-15 15:58:43.741025,34,82,22,56,965,ON
2026-06-15 15:58:46.742555,33,83,81,38,665,OFF
2026-06-15 15:58:49.743496,30,72,85,95,2180,OFF
2026-06-15 15:58:52.744503,33,82,77,21,2116,OFF
2026-06-15 15:58:55.745532,26,68,49,48,668,OFF
2026-06-15 15:58:58.746396,31,76,70,46,1314,OFF
2026-06-15 15:59:01.747411,32,68,46,55,2432,OFF
2026-06-15 15:59:04.748696,34,78,34,81,1198,OFF
2026-06-15 15:59:07.749855,25,43,49,33,2617,OFF
2026-06-15 15:59:10.750633,27,60,36,68,787,OFF
2026-06-15 15:59:13.752611,31,57,22,87,1882,ON
2026-06-15 15:59:16.753604,30,45,76,49,1493,OFF
2026-06-15 15:59:19.754593,38,71,59,55,2359,OFF
2026-06-15 15:59:22.755508,31,88,50,69,1955,OFF
2026-06-15 15:59:25.756809,25,79,36,95,2755,OFF
2026-06-15 15:59:28.788664,28,88,14,96,1513,ON
2026-06-15 15:59:31.790196,33,44,61,29,1209,OFF
2026-06-15 15:59:34.792100,28,79,45,75,1195,OFF
2026-06-15 15:59:37.793234,34,54,73,51,1627,OFF
2026-06-15 15:59:40.795254,34,89,64,68,2379,OFF
2026-06-15 15:59:43.797582,25,55,55,33,2439,OFF
2026-06-15 15:59:46.799135,28,83,77,56,536,OFF
2026-06-15 15:59:49.800410,27,89,74,92,1623,OFF
2026-06-15 15:59:52.802926,31,86,68,55,1794,OFF
2026-06-15 15:59:55.805075,40,52,54,76,1993,OFF
2026-06-15 15:59:58.806199,27,65,43,92,1443,OFF
2026-06-15 16:00:01.807295,33,43,12,89,1457,ON
2026-06-15 16:00:04.808178,37,89,33,26,1591,OFF
2026-06-15 16:00:07.811272,35,53,34,99,1281,OFF
2026-06-15 16:00:10.813029,39,80,87,72,526,OFF
2026-06-15 16:00:13.814109,31,62,39,60,1523,OFF
2026-06-15 16:00:16.814858,33,76,68,44,1548,OFF
2026-06-15 16:00:19.816654,30,59,89,92,2953,OFF
2026-06-15 16:00:22.819132,38,53,11,25,2513,ON
2026-06-15 16:00:25.820684,32,69,63,40,2861,OFF
2026-06-15 16:00:28.822370,37,56,51,45,2908,OFF
2026-06-15 16:00:31.823751,32,83,45,50,1117,OFF
2026-06-15 16:00:34.825422,30,74,27,63,1984,ON
2026-06-15 16:00:37.827370,38,41,73,38,1503,OFF
2026-06-15 16:00:40.829506,25,42,58,90,1429,OFF
2026-06-15 16:00:43.830720,40,49,33,85,1271,OFF
2026-06-15 16:00:46.832555,39,41,38,79,628,OFF
2026-06-15 16:00:49.834010,35,49,43,35,2540,OFF
2026-06-15 16:00:52.845165,27,90,86,53,1661,OFF
2026-06-15 16:00:55.882570,30,85,76,84,1356,OFF
2026-06-15 16:00:58.924559,35,46,83,36,2189,OFF
2026-06-15 16:01:01.926087,35,74,78,43,1762,OFF
2026-06-15 16:01:04.936769,25,53,34,74,1696,OFF
2026-06-15 16:01:07.938572,36,60,79,97,1642,OFF
2026-06-15 16:01:10.941005,26,67,42,36,1166,OFF
2026-06-15 16:01:13.942198,28,44,44,49,1316,OFF
2026-06-15 16:01:16.943839,27,73,71,69,798,OFF
2026-06-15 16:01:19.945226,32,83,80,50,2246,OFF
2026-06-15 16:01:22.946634,25,68,64,98,2455,OFF
2026-06-15 16:01:25.948704,34,83,45,87,1891,OFF
2026-06-15 16:01:28.950495,32,73,57,32,2283,OFF
2026-06-15 16:01:31.952291,31,90,28,32,2917,ON
2026-06-15 16:01:34.954000,35,60,68,33,2506,OFF
2026-06-15 16:01:37.956492,29,68,63,25,2174,OFF
2026-06-15 16:01:40.958733,39,42,54,67,704,OFF
2026-06-15 16:01:43.960927,38,53,12,50,2792,ON
2026-06-15 16:01:46.962190,32,80,79,34,1036,OFF
2026-06-15 16:01:49.963382,32,85,18,40,1234,ON
2026-06-15 16:01:52.964350,38,74,49,30,1226,OFF
2026-06-15 16:03:51.416176,35,80,47,58,873,OFF
2026-06-15 16:03:54.417753,27,40,84,36,562,OFF
2026-06-15 16:03:57.419750,40,55,71,52,3207,OFF
2026-06-15 16:04:00.421277,31,55,84,76,1538,OFF
2026-06-15 16:04:03.422544,28,63,72,74,1808,OFF
2026-06-15 16:04:06.424037,33,70,46,72,1858,OFF
2026-06-15 16:04:09.434869,39,76,86,55,1325,OFF
2026-06-15 16:04:12.462726,38,82,66,96,2003,OFF
2026-06-15 16:04:15.463938,35,69,51,45,2839,OFF
2026-06-15 16:04:18.483858,34,82,51,52,3390,OFF
2026-06-15 16:04:21.499206,25,80,66,57,3438,OFF
2026-06-15 16:04:24.500297,38,89,78,38,2883,OFF
2026-06-15 16:04:27.502094,37,69,65,29,2323,OFF
2026-06-15 16:04:30.503276,27,48,87,25,2708,OFF
2026-06-15 16:04:33.505576,27,72,81,60,1418,OFF
2026-06-15 16:04:36.507010,29,46,76,67,2667,OFF
2026-06-15 16:04:39.510438,27,55,86,63,2024,OFF
2026-06-15 16:04:42.512072,40,62,25,79,3120,ON
2026-06-15 16:04:45.513485,28,84,88,65,2139,OFF
2026-06-15 16:04:48.514832,38,70,50,44,1776,OFF
2026-06-15 16:04:51.517188,29,84,74,43,1539,OFF
2026-06-15 16:04:54.518543,27,48,76,29,3397,OFF
2026-06-15 16:04:57.520275,25,66,20,24,1951,ON
2026-06-15 16:05:00.521867,30,78,58,41,982,OFF
2026-06-15 16:05:03.523189,35,80,47,71,2461,OFF
2026-06-15 16:05:06.525234,31,44,57,63,1788,OFF
2026-06-15 16:05:09.527781,39,45,69,81,2182,OFF
2026-06-15 16:05:12.529391,30,42,75,27,3677,OFF
2026-06-15 16:05:15.530897,30,44,49,70,3900,OFF
2026-06-15 16:05:18.532653,39,66,84,97,3067,OFF
2026-06-15 16:05:21.535311,25,61,80,42,2023,OFF
2026-06-15 16:05:24.536738,39,64,51,33,1256,OFF
2026-06-15 16:05:27.538196,38,49,46,49,1502,OFF
2026-06-15 16:05:30.539704,37,41,65,61,882,OFF
2026-06-15 16:05:33.541495,25,85,23,42,704,ON
2026-06-15 16:05:36.543582,39,89,47,50,3844,OFF
2026-06-15 16:05:39.564407,28,76,68,32,2857,OFF
2026-06-15 16:05:42.583929,27,45,70,69,1365,OFF
2026-06-15 16:05:45.585680,40,77,21,63,2521,ON
2026-06-15 16:05:48.587303,40,68,60,94,1457,OFF
2026-06-15 16:05:51.589484,37,73,22,91,2052,ON
2026-06-15 16:05:54.591154,30,55,27,100,3016,ON
2026-06-15 16:05:57.594870,31,41,84,50,3315,OFF
2026-06-15 16:06:00.596208,36,59,46,57,3272,OFF
2026-06-15 16:06:03.598003,35,58,68,84,1597,OFF
2026-06-15 16:06:06.634308,30,86,74,96,3355,OFF
2026-06-15 16:06:09.652517,26,72,56,86,2392,OFF
2026-06-15 16:06:12.654336,35,52,43,43,1958,OFF
2026-06-15 16:06:15.655748,36,87,67,24,810,OFF
2026-06-15 16:06:18.657661,37,60,49,33,3890,OFF
2026-06-15 16:06:21.659657,37,82,39,30,3519,OFF
2026-06-15 16:06:24.661456,39,63,45,48,2738,OFF
2026-06-15 16:06:27.663102,33,57,39,78,685,OFF
2026-06-15 16:06:30.665030,35,57,72,55,1994,OFF
2026-06-15 16:06:33.666733,34,70,70,83,1114,OFF
2026-06-15 16:06:36.668200,26,68,54,48,539,OFF
2026-06-15 16:06:39.670388,38,58,11,69,3391,ON
2026-06-15 16:06:42.671896,36,63,90,29,3932,OFF
2026-06-15 16:06:45.674684,25,78,62,36,1093,OFF
2026-06-15 16:06:48.679801,32,77,83,20,1269,OFF
2026-06-15 16:06:51.682675,25,88,83,39,864,OFF
2026-06-15 16:06:54.684560,26,72,17,89,2353,ON
2026-06-15 16:06:57.686620,39,80,16,23,1833,ON
2026-06-15 16:07:00.688371,39,78,52,20,2766,OFF
2026-06-15 16:07:03.690003,38,73,19,87,1147,ON
2026-06-15 16:07:06.693405,28,77,86,65,2175,OFF
2026-06-15 16:07:09.695900,39,46,33,86,2780,OFF
2026-06-15 16:07:12.698466,34,58,30,45,1041,OFF
2026-06-15 16:07:15.700545,34,57,86,89,2525,OFF
2026-06-15 16:07:18.701760,33,83,48,42,2147,OFF
2026-06-15 16:07:21.703008,36,79,47,22,2927,OFF
2026-06-15 16:07:24.704791,30,40,60,83,2318,OFF
2026-06-15 16:07:27.706400,38,57,22,34,1507,ON
2026-06-15 16:07:30.707983,29,68,87,43,2537,OFF
2026-06-15 16:07:33.709364,38,53,14,80,540,ON
2026-06-15 16:07:36.710958,40,88,21,42,2500,ON
2026-06-15 16:07:39.713424,28,62,72,56,2409,OFF
2026-06-15 16:07:42.717180,25,49,66,43,2902,OFF
2026-06-15 16:07:45.718416,30,89,63,27,2016,OFF
2026-06-15 16:07:48.719420,40,55,21,52,1776,ON
2026-06-15 16:07:51.720535,35,74,24,54,1739,ON
2026-06-15 16:07:54.721507,28,62,25,42,1777,ON
2026-06-15 16:07:57.723209,31,52,58,83,3828,OFF
2026-06-15 16:08:00.724436,28,86,34,38,3820,OFF
2026-06-15 16:08:03.726010,38,54,24,48,1817,ON
2026-06-15 16:08:06.727119,28,85,33,49,3653,OFF
2026-06-15 16:08:09.729023,25,71,56,83,953,OFF
2026-06-15 16:08:12.730951,33,41,37,93,1094,OFF
2026-06-15 16:08:15.734011,35,45,64,86,2338,OFF
2026-06-15 16:08:18.735491,31,68,17,22,2951,ON
2026-06-15 16:08:21.736598,30,53,16,50,3431,ON
2026-06-15 16:08:24.737404,40,41,84,86,723,OFF
2026-06-15 16:08:27.738375,30,55,82,79,2098,OFF
2026-06-15 16:08:30.739167,29,52,78,95,2510,OFF
2026-06-15 16:08:33.741511,30,83,58,79,2346,OFF
2026-06-15 16:08:36.752182,38,63,84,57,2170,OFF
2026-06-15 16:08:39.777117,35,61,47,80,706,OFF
2026-06-15 16:08:42.778927,33,66,49,85,3112,OFF
2026-06-15 16:08:45.782930,40,48,63,58,2660,OFF
2026-06-15 16:08:48.785552,33,74,75,84,2032,OFF
2026-06-15 16:08:51.787270,31,56,89,60,766,OFF
2026-06-15 16:08:54.795192,38,89,64,99,697,OFF
2026-06-15 16:08:57.834254,28,77,16,67,3334,ON
2026-06-15 16:09:00.836971,34,75,32,58,3033,OFF
2026-06-15 16:09:03.856306,35,56,21,34,3553,ON
2026-06-15 16:09:06.895642,26,52,77,55,2945,OFF
2026-06-15 16:09:09.897480,37,44,50,75,1859,OFF
2026-06-15 16:09:12.899969,39,64,34,21,571,OFF
2026-06-15 16:09:15.901221,32,40,26,64,3318,ON
2026-06-15 16:09:18.902239,36,74,34,76,3272,OFF
2026-06-15 16:09:21.903372,39,68,63,87,3351,OFF
2026-06-15 16:09:24.906935,27,70,35,30,2082,OFF
2026-06-15 16:09:27.908848,27,77,27,26,2359,ON
2026-06-15 16:09:30.910580,30,54,16,28,1306,ON
2026-06-15 16:09:33.912023,37,66,10,44,2223,ON
2026-06-15 16:09:36.913733,32,52,63,23,1547,OFF
2026-06-15 16:09:39.916030,25,42,57,91,3724,OFF
2026-06-15 16:09:42.918283,32,53,10,36,2683,ON
2026-06-15 16:09:45.920869,28,90,64,56,1010,OFF
2026-06-15 16:09:48.922708,25,46,23,94,582,ON
2026-06-15 16:09:51.924345,28,75,28,88,3057,ON
2026-06-15 16:09:54.927150,29,80,17,28,3386,ON
2026-06-15 16:09:57.928907,31,41,50,59,2817,OFF
2026-06-15 16:10:00.930653,25,52,38,79,2437,OFF
2026-06-15 16:10:03.932888,28,60,70,96,2175,OFF
2026-06-15 16:10:06.934629,26,46,26,95,2735,ON
2026-06-15 16:10:09.937409,39,78,39,61,731,OFF
2026-06-15 16:10:12.939159,33,82,16,86,1543,ON
2026-06-15 16:10:15.941703,31,85,71,20,2145,OFF
2026-06-15 16:10:18.943565,31,46,11,46,3731,ON
2026-06-15 16:10:21.945225,28,73,63,98,1497,OFF
2026-06-15 16:10:24.946583,30,69,48,66,2852,OFF
2026-06-15 16:10:27.947574,25,41,78,88,1242,OFF
2026-06-15 16:10:30.948906,34,84,18,50,634,ON
2026-06-15 16:10:33.952474,33,60,64,83,2630,OFF
2026-06-15 16:10:36.954134,36,60,26,25,3571,ON
2026-06-15 16:10:39.955375,35,65,23,95,942,ON
2026-06-15 16:10:42.957046,35,57,21,92,3091,ON
2026-06-15 16:10:45.958816,30,88,18,46,3824,ON
2026-06-15 16:10:48.960207,27,50,13,92,713,ON
2026-06-15 16:10:51.961159,35,44,30,40,1672,OFF
2026-06-15 16:10:54.961980,35,76,25,51,2992,ON
2026-06-15 16:10:57.962864,25,62,67,93,1685,OFF
2026-06-15 16:11:00.965001,39,87,76,40,2903,OFF
2026-06-15 16:11:03.966539,29,48,34,50,3123,OFF
2026-06-15 16:11:06.969051,30,68,65,70,2958,OFF
2026-06-15 16:11:09.969939,37,42,26,49,877,ON
2026-06-15 16:11:12.970548,37,90,38,57,3744,OFF
2026-06-15 16:11:15.972181,29,59,62,86,3559,OFF
2026-06-15 16:11:18.973596,35,73,42,40,2340,OFF
2026-06-15 16:11:21.974796,34,64,25,50,2935,ON
2026-06-15 16:11:24.975996,28,52,75,89,3448,OFF
2026-06-15 16:11:27.977166,40,70,50,67,1496,OFF
2026-06-15 16:11:30.978561,36,57,52,25,3131,OFF
2026-06-15 16:11:34.036093,29,45,69,44,2588,OFF
2026-06-15 16:11:37.160699,38,62,65,96,3398,OFF
2026-06-15 16:11:40.162483,39,82,84,77,573,OFF
2026-06-15 16:11:43.164142,35,69,53,49,2740,OFF
2026-06-15 16:11:46.165314,35,46,75,36,2088,OFF
2026-06-15 16:11:49.167157,37,71,77,85,3541,OFF
2026-06-15 16:11:52.588069,37,87,48,52,2205,OFF
2026-06-15 16:11:55.589700,25,58,54,32,1156,OFF
2026-06-15 16:11:58.591518,26,61,70,79,1846,OFF
2026-06-15 16:12:01.592811,34,47,81,46,1319,OFF
2026-06-15 16:12:04.593959,27,40,46,34,3854,OFF
2026-06-15 16:12:07.595784,32,86,38,99,3742,OFF
2026-06-15 16:12:10.598478,35,72,69,55,3822,OFF
2026-06-15 16:12:13.600194,38,44,40,80,2409,OFF
2026-06-15 16:12:16.603818,39,47,84,26,2473,OFF
2026-06-15 16:12:19.604758,25,81,84,29,1892,OFF
2026-06-15 16:12:22.605726,32,69,12,92,1337,ON
2026-06-15 16:12:25.607197,30,49,25,21,2427,ON
2026-06-15 16:12:28.608935,34,56,17,93,675,ON
2026-06-15 16:12:31.610129,26,43,75,74,2547,OFF
2026-06-15 16:12:34.611459,38,83,27,31,796,ON
2026-06-15 16:12:37.612394,34,47,72,50,3486,OFF
2026-06-15 16:12:40.613196,36,72,23,95,3709,ON
2026-06-15 16:12:43.614393,34,82,40,36,1396,OFF
2026-06-15 16:12:46.615567,35,65,82,24,2305,OFF
2026-06-15 16:12:49.616732,32,75,16,53,1107,ON
2026-06-15 16:12:52.617816,26,53,48,76,3720,OFF
2026-06-15 16:12:55.621165,30,58,55,81,2694,OFF
2026-06-15 16:12:58.622780,27,65,74,20,2008,OFF
2026-06-15 16:13:01.625420,40,48,79,20,1733,OFF
2026-06-15 16:13:04.627164,38,59,23,45,3977,ON
2026-06-15 16:13:07.628360,32,78,49,96,511,OFF
2026-06-15 16:13:10.629744,35,67,48,55,1155,OFF
2026-06-15 16:13:13.630621,36,61,35,45,3537,OFF
2026-06-15 16:13:16.632563,38,57,61,25,3493,OFF
2026-06-15 16:13:19.633816,34,62,81,27,828,OFF
2026-06-15 16:13:22.634781,39,84,78,65,4000,OFF
2026-06-15 16:13:25.637360,32,52,39,33,3033,OFF
2026-06-15 16:13:28.639997,37,87,53,74,1462,OFF
2026-06-15 16:13:31.641947,33,73,56,22,2704,OFF
2026-06-15 16:13:34.642896,33,65,72,65,2610,OFF
2026-06-15 16:13:37.643854,37,43,26,86,1379,ON
2026-06-15 16:13:40.645031,25,55,12,46,1347,ON
2026-06-15 16:13:43.647322,33,45,38,23,2901,OFF
2026-06-15 16:13:46.648648,33,86,48,48,942,OFF
2026-06-15 16:13:49.649606,30,76,44,28,3534,OFF
2026-06-15 16:13:52.650487,35,74,42,63,1820,OFF
2026-06-15 16:13:55.651723,29,45,32,96,3740,OFF
2026-06-15 16:13:58.652690,39,56,46,100,3478,OFF
2026-06-15 16:14:01.654992,25,76,17,56,1430,ON
2026-06-15 16:14:04.657003,36,54,14,82,1440,ON
2026-06-15 16:14:07.658141,38,45,34,75,3108,OFF
2026-06-15 16:14:10.659387,34,73,43,90,1662,OFF
2026-06-15 16:14:13.660705,40,55,82,59,1509,OFF
2026-06-15 16:14:16.661943,33,49,26,74,549,ON
2026-06-15 16:14:19.663179,31,43,38,43,3885,OFF
2026-06-15 16:14:22.665916,25,50,54,31,713,OFF
2026-06-15 16:14:25.675993,38,68,82,67,884,OFF
2026-06-15 16:14:28.677160,33,60,11,34,2545,ON
2026-06-15 16:14:31.678530,40,90,76,46,1090,OFF
2026-06-15 16:14:34.680483,32,40,50,42,3757,OFF
2026-06-15 16:14:37.683383,37,68,63,21,1354,OFF
2026-06-15 16:14:40.684686,34,66,69,74,2666,OFF
2026-06-15 16:14:43.685994,28,49,90,42,2655,OFF
2026-06-15 16:14:46.688245,28,47,82,29,3776,OFF
2026-06-15 16:14:49.690680,32,55,57,78,1849,OFF
2026-06-15 16:14:52.693144,36,43,60,26,3102,OFF
2026-06-15 16:14:55.695010,36,41,52,100,1288,OFF
2026-06-15 16:14:58.696701,28,75,35,45,1561,OFF
2026-06-15 16:15:01.698156,32,43,39,95,2143,OFF
2026-06-15 16:15:04.699818,29,64,88,46,2374,OFF
2026-06-15 16:15:07.701516,38,79,36,28,3961,OFF
2026-06-15 16:15:10.703074,33,46,23,56,3280,ON
2026-06-15 16:15:13.705905,38,60,13,41,3143,ON
2026-06-15 16:15:16.707155,39,46,75,58,2567,OFF
2026-06-15 16:15:19.708674,29,75,56,28,549,OFF
2026-06-15 16:15:22.710754,26,61,44,32,1072,OFF
2026-06-15 16:15:25.712376,34,72,33,37,1610,OFF
2026-06-15 16:15:28.714232,39,41,37,39,1015,OFF
2026-06-15 16:15:31.715621,34,72,61,33,3306,OFF
2026-06-15 16:15:34.717531,27,81,74,49,1529,OFF
2026-06-15 16:15:37.719453,28,48,70,60,1328,OFF
2026-06-15 16:15:40.721295,29,53,49,85,2330,OFF
2026-06-15 16:15:43.735485,34,72,45,72,2304,OFF
2026-06-15 16:15:46.789046,38,58,60,64,593,OFF
2026-06-15 16:15:49.792592,36,46,59,59,3635,OFF
2026-06-15 16:15:52.794220,35,86,54,55,2932,OFF
2026-06-15 16:15:55.795833,35,41,69,26,3262,OFF
2026-06-15 16:15:58.797712,40,53,86,32,3608,OFF
2026-06-15 16:16:01.799310,25,90,11,70,3543,ON
2026-06-15 16:16:04.800994,25,68,10,25,3220,ON
2026-06-15 16:16:07.803131,26,76,59,50,3985,OFF
2026-06-15 16:16:10.804488,38,90,64,37,1397,OFF
2026-06-15 16:16:13.806735,31,58,36,100,1044,OFF
2026-06-15 16:16:16.810387,28,68,14,76,2375,ON
2026-06-15 16:16:19.811866,30,61,63,83,1009,OFF
2026-06-15 16:16:22.813373,34,69,38,23,3236,OFF
2026-06-15 16:16:25.815545,40,52,53,61,2607,OFF
2026-06-15 16:16:28.817317,26,82,10,76,2460,ON
2026-06-15 16:16:31.819191,26,58,31,92,3074,OFF
2026-06-15 16:16:34.821215,34,59,24,43,3542,ON
2026-06-15 16:16:37.824401,27,57,62,63,1603,OFF
2026-06-15 16:16:40.827263,30,66,34,91,1112,OFF
2026-06-15 16:16:43.830023,29,40,57,23,1142,OFF
2026-06-15 16:16:46.832269,32,68,75,95,3288,OFF
2026-06-15 16:16:49.839877,38,50,42,31,1809,OFF
2026-06-15 16:16:52.856949,40,90,80,28,507,OFF
2026-06-15 16:16:55.861294,25,88,38,100,774,OFF
2026-06-15 16:16:58.863037,26,52,53,69,1519,OFF
2026-06-15 16:17:01.864430,32,74,84,84,3890,OFF
2026-06-15 16:17:04.865783,34,72,54,67,2057,OFF
2026-06-15 16:17:07.867170,40,55,43,78,3046,OFF
2026-06-15 16:17:10.868899,36,55,39,61,1805,OFF
2026-06-15 16:17:13.870811,29,50,89,20,1228,OFF
2026-06-15 16:17:16.883563,40,58,16,46,3960,ON
2026-06-15 16:17:19.905191,31,85,74,38,3784,OFF
2026-06-15 16:17:22.906857,40,89,88,87,682,OFF
2026-06-15 16:17:25.912913,35,49,61,83,1336,OFF
2026-06-15 16:17:28.915013,31,89,47,31,930,OFF
2026-06-15 16:17:31.916976,38,59,56,33,1778,OFF
2026-06-15 16:17:34.918722,28,61,38,42,1584,OFF
2026-06-15 16:17:37.920544,39,77,16,43,1788,ON
2026-06-15 16:17:40.922312,36,56,63,48,1995,OFF
2026-06-15 16:17:43.923670,27,51,31,32,1385,OFF
2026-06-15 16:17:46.926657,38,81,31,66,2088,OFF
2026-06-15 16:17:49.929762,33,90,89,53,897,OFF
2026-06-15 16:17:52.932462,31,87,60,85,1270,OFF
2026-06-15 16:17:55.935205,28,74,69,81,2614,OFF
2026-06-15 16:17:58.937607,30,76,76,76,3521,OFF
2026-06-15 16:18:01.939496,37,79,15,89,605,ON
2026-06-15 16:18:04.944611,25,55,69,38,1239,OFF
2026-06-15 16:18:07.947223,33,87,70,51,3372,OFF
2026-06-15 16:18:10.949420,28,46,38,22,2553,OFF
2026-06-15 16:18:13.951386,28,59,64,63,640,OFF
2026-06-15 16:18:16.953712,27,74,27,21,3956,ON
2026-06-15 16:18:19.955336,25,78,43,23,2877,OFF
2026-06-15 16:18:22.957168,28,44,17,24,775,ON
2026-06-15 16:18:25.962459,29,86,67,58,3927,OFF
2026-06-15 16:18:28.965368,28,90,84,47,3587,OFF
2026-06-15 16:18:31.968782,36,64,73,95,2140,OFF
2026-06-15 16:18:34.970999,31,42,28,26,1770,ON
2026-06-15 16:18:37.972797,25,78,52,24,815,OFF
2026-06-15 16:18:40.974758,35,43,14,51,2461,ON
2026-06-15 16:18:43.977554,30,41,42,42,2666,OFF
2026-06-15 16:18:46.981023,35,72,75,55,2216,OFF
2026-06-15 16:18:49.983253,36,65,58,72,3986,OFF
2026-06-15 16:18:52.985175,32,70,13,78,2969,ON
2026-06-15 16:18:55.986792,36,60,42,75,1667,OFF
2026-06-15 16:18:58.988273,34,45,37,84,2501,OFF
2026-06-15 16:19:01.990458,37,55,42,96,2672,OFF
2026-06-15 16:19:04.992326,40,54,89,76,2337,OFF
2026-06-15 16:19:07.995974,39,41,30,36,2648,OFF
2026-06-15 16:19:10.999259,40,72,18,85,2253,ON
2026-06-15 16:19:14.000737,36,47,83,50,1642,OFF
2026-06-15 16:19:17.002800,38,83,16,62,1811,ON
2026-06-15 16:19:20.004272,29,78,82,97,3291,OFF
2026-06-15 16:19:23.025614,40,86,78,57,1327,OFF
2026-06-15 16:19:26.027387,35,54,90,96,1401,OFF
2026-06-15 16:19:29.029517,33,59,32,86,1215,OFF
2026-06-15 16:19:32.030507,31,56,82,76,2464,OFF
2026-06-15 16:19:35.031590,26,43,72,39,673,OFF
2026-06-15 16:19:38.033427,26,81,42,87,3667,OFF
2026-06-15 16:19:41.035174,33,89,55,79,1848,OFF
2026-06-15 16:19:44.036337,36,71,16,100,2452,ON
2026-06-15 16:19:47.037674,36,75,33,99,769,OFF
2026-06-15 16:19:50.039046,32,41,14,61,2728,ON
2026-06-15 16:19:53.040210,39,54,87,94,774,OFF
2026-06-15 16:19:56.042510,39,55,28,21,2606,ON
2026-06-15 16:19:59.043521,27,60,36,76,513,OFF
2026-06-15 16:20:02.045854,31,72,15,67,1409,ON
2026-06-15 16:20:05.047022,34,50,33,67,3693,OFF
2026-06-15 16:20:08.048920,34,63,85,99,1894,OFF
2026-06-15 16:20:11.050092,25,65,23,42,843,ON
2026-06-15 16:20:14.051280,25,57,19,65,2758,ON
2026-06-15 16:20:17.052504,35,72,58,91,2463,OFF
2026-06-15 16:20:20.053520,28,86,79,83,3431,OFF
2026-06-15 16:20:23.054391,30,85,53,42,2995,OFF
2026-06-15 16:20:26.056029,33,65,47,31,1215,OFF
2026-06-15 16:20:29.057131,32,65,53,93,845,OFF
2026-06-15 16:20:32.058724,39,72,38,91,2723,OFF
2026-06-15 16:20:35.060075,26,42,27,53,1334,ON
2026-06-15 16:20:38.062831,30,48,33,25,2232,OFF
2026-06-15 16:20:41.063998,28,70,63,28,3791,OFF
2026-06-15 16:20:44.065050,39,82,18,98,1579,ON
2026-06-15 16:20:47.072647,37,49,40,93,3606,OFF
2026-06-15 16:20:50.075016,31,41,71,70,1906,OFF
2026-06-15 16:20:53.076613,28,89,72,92,1875,OFF
2026-06-15 16:20:56.094424,26,44,31,93,3995,OFF
2026-06-15 16:20:59.105103,30,66,21,59,3313,ON
2026-06-15 16:21:02.106998,26,44,19,67,1902,ON
2026-06-15 16:21:05.108939,27,84,77,51,2366,OFF
2026-06-15 16:21:08.110335,40,56,90,26,1443,OFF
2026-06-15 16:21:11.112101,28,41,15,48,1497,ON
2026-06-15 16:21:14.113963,40,63,84,77,1649,OFF
2026-06-15 16:21:17.115604,29,46,39,54,1882,OFF
2026-06-15 16:21:20.117430,26,81,37,87,2578,OFF
2026-06-15 16:21:23.118856,33,84,75,86,887,OFF
2026-06-15 16:21:26.120352,34,43,63,82,1368,OFF
2026-06-15 16:21:29.121958,30,63,78,43,1453,OFF
2026-06-15 16:21:32.123889,31,70,35,77,2486,OFF
2026-06-15 16:21:35.126217,36,47,66,68,868,OFF
2026-06-15 16:21:38.127892,38,47,32,71,3912,OFF
2026-06-15 16:21:41.128846,38,40,75,99,2250,OFF
2026-06-15 16:21:44.133584,29,80,28,24,3528,ON
2026-06-15 16:21:47.135784,37,65,71,69,2859,OFF
2026-06-15 16:21:50.136978,40,77,34,88,1808,OFF
2026-06-15 16:21:53.138601,35,78,56,60,3321,OFF
2026-06-15 16:21:56.140018,30,46,52,93,2704,OFF
2026-06-15 16:21:59.141925,27,81,45,89,2577,OFF
2026-06-15 16:22:02.144133,29,40,34,36,2617,OFF
2026-06-15 16:22:05.145395,35,56,42,20,1060,OFF
2026-06-15 16:22:08.147313,39,68,59,83,3478,OFF
2026-06-15 16:22:11.149338,39,83,69,53,829,OFF
2026-06-15 16:22:14.150613,26,67,62,72,1571,OFF
2026-06-15 16:22:17.162337,31,67,63,63,1451,OFF
2026-06-15 16:22:20.212622,39,57,88,100,2185,OFF
2026-06-15 16:22:23.214775,40,84,59,40,941,OFF
2026-06-15 16:22:26.215908,32,61,83,28,3106,OFF
2026-06-15 16:22:29.217902,40,77,31,84,1366,OFF
2026-06-15 16:22:32.219469,29,67,45,34,2449,OFF
2026-06-15 16:22:35.221572,31,72,67,91,1124,OFF
2026-06-15 16:22:38.223447,36,42,24,65,627,ON
2026-06-15 16:22:41.225282,37,68,58,70,3084,OFF
2026-06-15 16:22:44.226887,33,43,60,22,3195,OFF
2026-06-15 16:22:47.228145,26,55,87,32,1725,OFF
2026-06-15 16:22:50.229958,30,78,90,91,3032,OFF
2026-06-15 16:22:53.231692,35,86,39,50,3961,OFF
2026-06-15 16:22:56.233191,39,88,30,57,3316,OFF
2026-06-15 16:22:59.234669,38,59,33,31,1952,OFF
2026-06-15 16:23:02.235986,27,56,35,64,1998,OFF
2026-06-15 16:23:05.237633,40,57,12,33,2095,ON
2026-06-15 16:23:08.239458,39,87,62,38,2043,OFF
2026-06-15 16:23:11.240369,37,56,87,30,1812,OFF
2026-06-15 16:23:14.242068,37,86,48,55,2942,OFF
2026-06-15 16:23:17.243807,31,61,44,96,3389,OFF
2026-06-15 16:23:20.245531,28,44,31,91,2764,OFF
2026-06-15 16:23:23.247468,29,79,75,25,578,OFF
2026-06-15 16:23:26.249923,27,76,89,89,2896,OFF
2026-06-15 16:23:29.252309,38,44,22,95,1216,ON
2026-06-15 16:23:32.254060,25,53,67,84,720,OFF
2026-06-15 16:23:35.255168,26,69,32,84,3527,OFF
2026-06-15 16:23:38.256700,28,70,52,64,2635,OFF
2026-06-15 16:23:41.258305,28,66,16,81,2402,ON
2026-06-15 16:23:44.260734,30,58,10,65,3530,ON
2026-06-15 16:23:47.262641,32,47,28,66,811,ON
2026-06-15 16:23:50.264389,38,61,23,80,2088,ON
2026-06-15 16:23:53.267197,37,80,10,87,691,ON
2026-06-15 16:23:56.268816,29,80,35,66,3229,OFF
2026-06-15 16:23:59.270868,39,82,26,95,2486,ON
2026-06-15 16:24:02.272693,33,50,18,63,2555,ON
2026-06-15 16:24:05.274569,27,84,58,61,3918,OFF
2026-06-15 16:24:08.276263,40,64,38,73,1376,OFF
2026-06-15 16:24:11.278181,27,90,59,82,520,OFF
2026-06-15 16:24:14.279438,28,43,29,35,2327,ON
2026-06-15 16:24:17.281099,29,40,26,97,3845,ON
2026-06-15 16:24:20.282943,36,44,79,76,1536,OFF
2026-06-15 16:24:23.285571,33,75,80,51,685,OFF
2026-06-15 16:24:26.287281,30,67,83,79,2930,OFF
2026-06-15 16:24:29.289645,38,74,23,29,717,ON
2026-06-15 16:24:32.291804,39,88,34,82,1425,OFF
2026-06-15 16:24:35.293406,30,57,61,76,810,OFF
2026-06-15 16:24:38.294661,36,59,60,72,3175,OFF
2026-06-15 16:24:41.296583,27,66,46,56,696,OFF
2026-06-15 16:24:44.299513,37,85,38,95,3517,OFF
2026-06-15 16:24:47.302377,25,44,53,75,910,OFF
2026-06-15 16:24:50.303692,26,90,26,91,3222,ON
2026-06-15 16:24:53.305572,28,71,85,74,1387,OFF
2026-06-15 16:24:56.306937,29,50,37,49,3486,OFF
2026-06-15 16:24:59.308213,39,86,43,57,3632,OFF
2026-06-15 16:25:02.310137,25,80,50,92,1301,OFF
2026-06-15 16:25:05.311772,28,81,23,65,1265,ON
2026-06-15 16:25:08.312935,25,68,53,59,3094,OFF
2026-06-15 16:25:11.314130,37,54,57,59,2608,OFF
2026-06-15 16:25:14.315770,38,49,61,23,2514,OFF
2026-06-15 16:25:17.317725,32,75,46,36,1789,OFF
2026-06-15 16:25:20.319033,35,90,77,30,3907,OFF
2026-06-15 16:25:23.320187,30,81,75,67,2131,OFF
2026-06-15 16:25:26.321119,33,46,70,62,1031,OFF
2026-06-15 16:25:29.322548,34,83,64,60,2836,OFF
2026-06-15 16:25:32.323664,32,62,45,23,882,OFF
2026-06-15 16:25:35.324554,36,76,25,98,721,ON
2026-06-15 16:25:38.325692,33,49,23,70,1595,ON
2026-06-15 16:25:41.326785,33,75,90,79,2073,OFF
2026-06-15 16:25:44.328239,38,84,46,98,2684,OFF
2026-06-15 16:25:47.330464,32,70,22,100,2914,ON
2026-06-15 16:25:50.331549,33,51,46,82,693,OFF
2026-06-15 16:25:53.332688,33,82,24,21,2567,ON
2026-06-15 16:25:56.333871,32,46,60,66,889,OFF
2026-06-15 16:25:59.336608,31,78,61,70,3437,OFF
2026-06-15 16:26:02.337693,32,46,14,94,1751,ON
2026-06-15 16:26:05.338896,30,87,83,94,3133,OFF
2026-06-15 16:26:08.339821,37,42,71,73,1499,OFF
2026-06-15 16:26:11.341355,29,56,46,77,1761,OFF
2026-06-15 16:26:14.342994,39,88,24,47,1495,ON
2026-06-15 16:26:17.345227,32,64,12,28,686,ON
2026-06-15 16:26:20.347083,34,76,30,78,1332,OFF
2026-06-15 16:26:23.348963,33,54,70,51,2697,OFF
2026-06-15 16:26:26.350351,31,82,37,55,2014,OFF
2026-06-15 16:26:29.352533,28,61,44,56,3534,OFF
2026-06-15 16:26:32.354850,36,76,77,61,2504,OFF
2026-06-15 16:26:35.356925,25,49,26,98,1071,ON
2026-06-15 16:26:38.358503,35,88,66,25,538,OFF
2026-06-15 16:26:41.359418,27,48,36,38,2399,OFF
2026-06-15 16:26:44.361182,36,78,54,41,1990,OFF
2026-06-15 16:26:47.362354,25,68,86,20,2292,OFF
2026-06-15 16:26:50.363483,33,84,29,81,1220,ON
2026-06-15 16:26:53.364894,28,79,60,25,2993,OFF
2026-06-15 16:26:56.366100,32,50,40,46,3585,OFF
2026-06-15 16:26:59.366969,33,47,55,20,1166,OFF
2026-06-15 16:27:02.404148,29,44,37,66,3670,OFF
2026-06-15 16:27:05.406181,28,42,20,71,3722,ON
2026-06-15 16:27:08.407856,28,76,57,80,2552,OFF
2026-06-15 16:27:11.408643,35,87,27,77,3183,ON
2026-06-15 16:27:14.409690,33,56,47,62,2292,OFF
2026-06-15 16:27:17.411257,40,89,66,41,1981,OFF
2026-06-15 16:27:20.413028,37,75,89,64,2779,OFF
2026-06-15 16:27:23.415051,36,51,73,76,1666,OFF
2026-06-15 16:27:26.416890,28,86,42,30,2323,OFF
2026-06-15 16:27:29.418478,40,63,88,81,3901,OFF
2026-06-15 16:27:32.419669,37,72,13,25,2796,ON
2026-06-15 16:27:35.422610,29,62,31,23,1502,OFF
2026-06-15 16:27:38.424595,35,78,85,20,3361,OFF
2026-06-15 16:27:41.426567,35,41,22,91,3422,ON
2026-06-15 16:27:44.427974,25,70,82,70,719,OFF
2026-06-15 16:27:47.429760,39,51,20,80,2218,ON
2026-06-15 16:27:50.431368,35,75,80,49,2987,OFF
2026-06-15 16:27:53.433367,30,79,50,39,1252,OFF
2026-06-15 16:27:56.434677,33,59,78,72,724,OFF
2026-06-15 16:27:59.436407,26,70,41,52,3122,OFF
2026-06-15 16:28:02.439045,26,40,65,22,2011,OFF
2026-06-15 16:28:05.440943,35,62,11,37,3500,ON
2026-06-15 16:28:08.443029,38,57,48,30,3367,OFF
2026-06-15 16:28:11.445004,25,79,77,22,2320,OFF
2026-06-15 16:28:14.446535,36,72,65,53,970,OFF
2026-06-15 16:28:17.447662,31,85,88,82,740,OFF
2026-06-15 16:28:20.448979,33,67,19,46,3722,ON
2026-06-15 16:28:23.450226,35,47,74,52,2804,OFF
2026-06-15 16:28:26.452690,35,40,12,39,1079,ON
2026-06-15 16:28:29.454140,28,51,15,47,1087,ON
2026-06-15 16:28:32.457106,40,59,35,69,2446,OFF
2026-06-15 16:28:35.459623,26,58,27,64,3205,ON
2026-06-15 16:28:38.461193,30,52,14,87,1923,ON
2026-06-15 16:28:41.464209,40,68,58,51,2702,OFF
2026-06-15 16:28:44.465493,39,65,61,41,617,OFF
2026-06-15 16:28:47.467504,33,52,38,43,3233,OFF
2026-06-15 16:28:50.468974,32,48,27,60,2068,ON
2026-06-15 16:28:53.469736,31,80,31,64,2074,OFF
2026-06-15 16:28:56.470759,40,51,75,44,2014,OFF
2026-06-15 16:28:59.473780,37,56,30,59,3528,OFF
2026-06-15 16:29:02.475183,26,61,58,66,633,OFF
2026-06-15 16:29:05.476297,38,87,20,74,821,ON
2026-06-15 16:29:08.479258,32,87,90,73,3951,OFF
2026-06-15 16:29:11.481410,29,51,88,65,1572,OFF
2026-06-15 16:29:14.482754,25,82,17,61,3633,ON
2026-06-15 16:29:17.484749,31,67,80,84,1901,OFF
2026-06-15 16:29:20.485697,39,81,74,73,1088,OFF
2026-06-15 16:29:23.487289,31,42,37,59,2893,OFF
2026-06-15 16:29:26.488743,40,51,55,53,2888,OFF
2026-06-15 16:29:29.491458,31,40,33,71,2096,OFF
2026-06-15 16:29:32.493499,34,40,23,73,3307,ON
2026-06-15 16:29:35.496342,33,60,14,99,1027,ON
2026-06-15 16:29:38.498627,39,74,31,36,1921,OFF
2026-06-15 16:29:41.500210,29,74,86,90,2508,OFF
2026-06-15 16:29:44.502493,30,80,44,66,3461,OFF
2026-06-15 16:29:47.504889,29,86,53,20,2140,OFF
2026-06-15 16:29:50.511391,29,58,40,97,3547,OFF
2026-06-15 16:29:53.514692,25,85,69,37,1842,OFF
2026-06-15 16:29:56.517430,28,64,87,82,1967,OFF
2026-06-15 16:29:59.520492,36,58,56,62,1630,OFF
2026-06-15 16:30:02.522940,35,86,76,38,3838,OFF
2026-06-15 16:30:05.525288,34,47,24,30,832,ON
2026-06-15 16:30:08.527504,39,80,87,63,2275,OFF
2026-06-15 16:30:11.536726,28,84,15,70,3928,ON
2026-06-15 16:30:14.539138,26,48,46,49,1767,OFF
2026-06-15 16:30:17.541902,28,65,54,41,1670,OFF
2026-06-15 16:30:20.543381,40,54,67,29,3159,OFF
